"Prebivalstvo po: STATISTIÈNA REGIJA, SPOL, LETO , STAROST"

"SLOVENIJA"
" ";"Moški"
" ";" ";"1990"
" ";" ";" ";"Starost - SKUPAJ";968252
" ";" ";"1991"
" ";" ";" ";"Starost - SKUPAJ";970229
" ";" ";"1992"
" ";" ";" ";"Starost - SKUPAJ";970033
" ";" ";"1993"
" ";" ";" ";"Starost - SKUPAJ";967119
" ";" ";"1994"
" ";" ";" ";"Starost - SKUPAJ";964460
" ";" ";"1995"
" ";" ";" ";"Starost - SKUPAJ";964375
" ";" ";"1996"
" ";" ";" ";"Starost - SKUPAJ";968074
" ";" ";"1997"
" ";" ";" ";"Starost - SKUPAJ";968634
" ";" ";"1998"
" ";" ";" ";"Starost - SKUPAJ";968160
" ";" ";"1999"
" ";" ";" ";"Starost - SKUPAJ";963217
" ";" ";"2000"
" ";" ";" ";"Starost - SKUPAJ";970812
" ";" ";"2001"
" ";" ";" ";"Starost - SKUPAJ";972742
" ";" ";"2002"
" ";" ";" ";"Starost - SKUPAJ";975002
" ";" ";"2003"
" ";" ";" ";"Starost - SKUPAJ";975587
" ";" ";"2004"
" ";" ";" ";"Starost - SKUPAJ";976802
" ";" ";"2005"
" ";" ";" ";"Starost - SKUPAJ";977052
" ";" ";"2006"
" ";" ";" ";"Starost - SKUPAJ";981465
" ";" ";"2007"
" ";" ";" ";"Starost - SKUPAJ";986982
" ";" ";"2008"
" ";" ";" ";"Starost - SKUPAJ";1000624
" ";" ";"2009"
" ";" ";" ";"Starost - SKUPAJ";1003945
" ";" ";"2010"
" ";" ";" ";"Starost - SKUPAJ";1014107
" ";" ";"2011"
" ";" ";" ";"Starost - SKUPAJ";1014563
" ";" ";"2012"
" ";" ";" ";"Starost - SKUPAJ";1016731
" ";" ";"2013"
" ";" ";" ";"Starost - SKUPAJ";1019061
" ";" ";"2014"
" ";" ";" ";"Starost - SKUPAJ";1020874
" ";" ";"2015"
" ";" ";" ";"Starost - SKUPAJ";1022229
" ";" ";"2016"
" ";" ";" ";"Starost - SKUPAJ";1023333
" ";" ";"2017"
" ";" ";" ";"Starost - SKUPAJ";1025125
" ";" ";"2018"
" ";" ";" ";"Starost - SKUPAJ";1027041
" ";"Ženske"
" ";" ";"1990"
" ";" ";" ";"Starost - SKUPAJ";1028125
" ";" ";"1991"
" ";" ";" ";"Starost - SKUPAJ";1029716
" ";" ";"1992"
" ";" ";" ";"Starost - SKUPAJ";1028879
" ";" ";"1993"
" ";" ";" ";"Starost - SKUPAJ";1026965
" ";" ";"1994"
" ";" ";" ";"Starost - SKUPAJ";1024948
" ";" ";"1995"
" ";" ";" ";"Starost - SKUPAJ";1025102
" ";" ";"1996"
" ";" ";" ";"Starost - SKUPAJ";1022192
" ";" ";"1997"
" ";" ";" ";"Starost - SKUPAJ";1018355
" ";" ";"1998"
" ";" ";" ";"Starost - SKUPAJ";1016763
" ";" ";"1999"
" ";" ";" ";"Starost - SKUPAJ";1015117
" ";" ";"2000"
" ";" ";" ";"Starost - SKUPAJ";1016943
" ";" ";"2001"
" ";" ";" ";"Starost - SKUPAJ";1017352
" ";" ";"2002"
" ";" ";" ";"Starost - SKUPAJ";1019024
" ";" ";"2003"
" ";" ";" ";"Starost - SKUPAJ";1019446
" ";" ";"2004"
" ";" ";" ";"Starost - SKUPAJ";1019631
" ";" ";"2005"
" ";" ";" ";"Starost - SKUPAJ";1020538
" ";" ";"2006"
" ";" ";" ";"Starost - SKUPAJ";1021893
" ";" ";"2007"
" ";" ";" ";"Starost - SKUPAJ";1023395
" ";" ";"2008"
" ";" ";" ";"Starost - SKUPAJ";1025242
" ";" ";"2009"
" ";" ";" ";"Starost - SKUPAJ";1028417
" ";" ";"2010"
" ";" ";" ";"Starost - SKUPAJ";1032869
" ";" ";"2011"
" ";" ";" ";"Starost - SKUPAJ";1035626
" ";" ";"2012"
" ";" ";" ";"Starost - SKUPAJ";1038765
" ";" ";"2013"
" ";" ";" ";"Starost - SKUPAJ";1039760
" ";" ";"2014"
" ";" ";" ";"Starost - SKUPAJ";1040211
" ";" ";"2015"
" ";" ";" ";"Starost - SKUPAJ";1040645
" ";" ";"2016"
" ";" ";" ";"Starost - SKUPAJ";1040855
" ";" ";"2017"
" ";" ";" ";"Starost - SKUPAJ";1040770
" ";" ";"2018"
" ";" ";" ";"Starost - SKUPAJ";1039839
"Pomurska"
" ";"Moški"
" ";" ";"1990"
" ";" ";" ";"Starost - SKUPAJ";64089
" ";" ";"1991"
" ";" ";" ";"Starost - SKUPAJ";63867
" ";" ";"1992"
" ";" ";" ";"Starost - SKUPAJ";63758
" ";" ";"1993"
" ";" ";" ";"Starost - SKUPAJ";63692
" ";" ";"1994"
" ";" ";" ";"Starost - SKUPAJ";63444
" ";" ";"1995"
" ";" ";" ";"Starost - SKUPAJ";63168
" ";" ";"1996"
" ";" ";" ";"Starost - SKUPAJ";61288
" ";" ";"1997"
" ";" ";" ";"Starost - SKUPAJ";61113
" ";" ";"1998"
" ";" ";" ";"Starost - SKUPAJ";60849
" ";" ";"1999"
" ";" ";" ";"Starost - SKUPAJ";60624
" ";" ";"2000"
" ";" ";" ";"Starost - SKUPAJ";60585
" ";" ";"2001"
" ";" ";" ";"Starost - SKUPAJ";60192
" ";" ";"2002"
" ";" ";" ";"Starost - SKUPAJ";60026
" ";" ";"2003"
" ";" ";" ";"Starost - SKUPAJ";59890
" ";" ";"2004"
" ";" ";" ";"Starost - SKUPAJ";59580
" ";" ";"2005"
" ";" ";" ";"Starost - SKUPAJ";59395
" ";" ";"2006"
" ";" ";" ";"Starost - SKUPAJ";59342
" ";" ";"2007"
" ";" ";" ";"Starost - SKUPAJ";59120
" ";" ";"2008"
" ";" ";" ";"Starost - SKUPAJ";59142
" ";" ";"2009"
" ";" ";" ";"Starost - SKUPAJ";58215
" ";" ";"2010"
" ";" ";" ";"Starost - SKUPAJ";58198
" ";" ";"2011"
" ";" ";" ";"Starost - SKUPAJ";58065
" ";" ";"2012"
" ";" ";" ";"Starost - SKUPAJ";58078
" ";" ";"2013"
" ";" ";" ";"Starost - SKUPAJ";57805
" ";" ";"2014"
" ";" ";" ";"Starost - SKUPAJ";57444
" ";" ";"2015"
" ";" ";" ";"Starost - SKUPAJ";57345
" ";" ";"2016"
" ";" ";" ";"Starost - SKUPAJ";57127
" ";" ";"2017"
" ";" ";" ";"Starost - SKUPAJ";56780
" ";" ";"2018"
" ";" ";" ";"Starost - SKUPAJ";56509
" ";"Ženske"
" ";" ";"1990"
" ";" ";" ";"Starost - SKUPAJ";67557
" ";" ";"1991"
" ";" ";" ";"Starost - SKUPAJ";67352
" ";" ";"1992"
" ";" ";" ";"Starost - SKUPAJ";67136
" ";" ";"1993"
" ";" ";" ";"Starost - SKUPAJ";67106
" ";" ";"1994"
" ";" ";" ";"Starost - SKUPAJ";66934
" ";" ";"1995"
" ";" ";" ";"Starost - SKUPAJ";66699
" ";" ";"1996"
" ";" ";" ";"Starost - SKUPAJ";65384
" ";" ";"1997"
" ";" ";" ";"Starost - SKUPAJ";65111
" ";" ";"1998"
" ";" ";" ";"Starost - SKUPAJ";64873
" ";" ";"1999"
" ";" ";" ";"Starost - SKUPAJ";64633
" ";" ";"2000"
" ";" ";" ";"Starost - SKUPAJ";64384
" ";" ";"2001"
" ";" ";" ";"Starost - SKUPAJ";64137
" ";" ";"2002"
" ";" ";" ";"Starost - SKUPAJ";63922
" ";" ";"2003"
" ";" ";" ";"Starost - SKUPAJ";63660
" ";" ";"2004"
" ";" ";" ";"Starost - SKUPAJ";63493
" ";" ";"2005"
" ";" ";" ";"Starost - SKUPAJ";63322
" ";" ";"2006"
" ";" ";" ";"Starost - SKUPAJ";63111
" ";" ";"2007"
" ";" ";" ";"Starost - SKUPAJ";62948
" ";" ";"2008"
" ";" ";" ";"Starost - SKUPAJ";62682
" ";" ";"2009"
" ";" ";" ";"Starost - SKUPAJ";61322
" ";" ";"2010"
" ";" ";" ";"Starost - SKUPAJ";61350
" ";" ";"2011"
" ";" ";" ";"Starost - SKUPAJ";61080
" ";" ";"2012"
" ";" ";" ";"Starost - SKUPAJ";60910
" ";" ";"2013"
" ";" ";" ";"Starost - SKUPAJ";60217
" ";" ";"2014"
" ";" ";" ";"Starost - SKUPAJ";59689
" ";" ";"2015"
" ";" ";" ";"Starost - SKUPAJ";59325
" ";" ";"2016"
" ";" ";" ";"Starost - SKUPAJ";58951
" ";" ";"2017"
" ";" ";" ";"Starost - SKUPAJ";58697
" ";" ";"2018"
" ";" ";" ";"Starost - SKUPAJ";58267
"Podravska"
" ";"Moški"
" ";" ";"1990"
" ";" ";" ";"Starost - SKUPAJ";159079
" ";" ";"1991"
" ";" ";" ";"Starost - SKUPAJ";159346
" ";" ";"1992"
" ";" ";" ";"Starost - SKUPAJ";159482
" ";" ";"1993"
" ";" ";" ";"Starost - SKUPAJ";159134
" ";" ";"1994"
" ";" ";" ";"Starost - SKUPAJ";157810
" ";" ";"1995"
" ";" ";" ";"Starost - SKUPAJ";157860
" ";" ";"1996"
" ";" ";" ";"Starost - SKUPAJ";156009
" ";" ";"1997"
" ";" ";" ";"Starost - SKUPAJ";155805
" ";" ";"1998"
" ";" ";" ";"Starost - SKUPAJ";155576
" ";" ";"1999"
" ";" ";" ";"Starost - SKUPAJ";155228
" ";" ";"2000"
" ";" ";" ";"Starost - SKUPAJ";155533
" ";" ";"2001"
" ";" ";" ";"Starost - SKUPAJ";155760
" ";" ";"2002"
" ";" ";" ";"Starost - SKUPAJ";156214
" ";" ";"2003"
" ";" ";" ";"Starost - SKUPAJ";156024
" ";" ";"2004"
" ";" ";" ";"Starost - SKUPAJ";155826
" ";" ";"2005"
" ";" ";" ";"Starost - SKUPAJ";155656
" ";" ";"2006"
" ";" ";" ";"Starost - SKUPAJ";155871
" ";" ";"2007"
" ";" ";" ";"Starost - SKUPAJ";156512
" ";" ";"2008"
" ";" ";" ";"Starost - SKUPAJ";158729
" ";" ";"2009"
" ";" ";" ";"Starost - SKUPAJ";158999
" ";" ";"2010"
" ";" ";" ";"Starost - SKUPAJ";159622
" ";" ";"2011"
" ";" ";" ";"Starost - SKUPAJ";159406
" ";" ";"2012"
" ";" ";" ";"Starost - SKUPAJ";159663
" ";" ";"2013"
" ";" ";" ";"Starost - SKUPAJ";159869
" ";" ";"2014"
" ";" ";" ";"Starost - SKUPAJ";160285
" ";" ";"2015"
" ";" ";" ";"Starost - SKUPAJ";160426
" ";" ";"2016"
" ";" ";" ";"Starost - SKUPAJ";160228
" ";" ";"2017"
" ";" ";" ";"Starost - SKUPAJ";160047
" ";" ";"2018"
" ";" ";" ";"Starost - SKUPAJ";160451
" ";"Ženske"
" ";" ";"1990"
" ";" ";" ";"Starost - SKUPAJ";168770
" ";" ";"1991"
" ";" ";" ";"Starost - SKUPAJ";168898
" ";" ";"1992"
" ";" ";" ";"Starost - SKUPAJ";169002
" ";" ";"1993"
" ";" ";" ";"Starost - SKUPAJ";168532
" ";" ";"1994"
" ";" ";" ";"Starost - SKUPAJ";167310
" ";" ";"1995"
" ";" ";" ";"Starost - SKUPAJ";167276
" ";" ";"1996"
" ";" ";" ";"Starost - SKUPAJ";165069
" ";" ";"1997"
" ";" ";" ";"Starost - SKUPAJ";164556
" ";" ";"1998"
" ";" ";" ";"Starost - SKUPAJ";164265
" ";" ";"1999"
" ";" ";" ";"Starost - SKUPAJ";164044
" ";" ";"2000"
" ";" ";" ";"Starost - SKUPAJ";164072
" ";" ";"2001"
" ";" ";" ";"Starost - SKUPAJ";163957
" ";" ";"2002"
" ";" ";" ";"Starost - SKUPAJ";163864
" ";" ";"2003"
" ";" ";" ";"Starost - SKUPAJ";163780
" ";" ";"2004"
" ";" ";" ";"Starost - SKUPAJ";163600
" ";" ";"2005"
" ";" ";" ";"Starost - SKUPAJ";163458
" ";" ";"2006"
" ";" ";" ";"Starost - SKUPAJ";163364
" ";" ";"2007"
" ";" ";" ";"Starost - SKUPAJ";163194
" ";" ";"2008"
" ";" ";" ";"Starost - SKUPAJ";163052
" ";" ";"2009"
" ";" ";" ";"Starost - SKUPAJ";163901
" ";" ";"2010"
" ";" ";" ";"Starost - SKUPAJ";163721
" ";" ";"2011"
" ";" ";" ";"Starost - SKUPAJ";163713
" ";" ";"2012"
" ";" ";" ";"Starost - SKUPAJ";163871
" ";" ";"2013"
" ";" ";" ";"Starost - SKUPAJ";163369
" ";" ";"2014"
" ";" ";" ";"Starost - SKUPAJ";163043
" ";" ";"2015"
" ";" ";" ";"Starost - SKUPAJ";162930
" ";" ";"2016"
" ";" ";" ";"Starost - SKUPAJ";162325
" ";" ";"2017"
" ";" ";" ";"Starost - SKUPAJ";161996
" ";" ";"2018"
" ";" ";" ";"Starost - SKUPAJ";161607
"Koroška"
" ";"Moški"
" ";" ";"1990"
" ";" ";" ";"Starost - SKUPAJ";36966
" ";" ";"1991"
" ";" ";" ";"Starost - SKUPAJ";37061
" ";" ";"1992"
" ";" ";" ";"Starost - SKUPAJ";37095
" ";" ";"1993"
" ";" ";" ";"Starost - SKUPAJ";37050
" ";" ";"1994"
" ";" ";" ";"Starost - SKUPAJ";36957
" ";" ";"1995"
" ";" ";" ";"Starost - SKUPAJ";36955
" ";" ";"1996"
" ";" ";" ";"Starost - SKUPAJ";36899
" ";" ";"1997"
" ";" ";" ";"Starost - SKUPAJ";36843
" ";" ";"1998"
" ";" ";" ";"Starost - SKUPAJ";36821
" ";" ";"1999"
" ";" ";" ";"Starost - SKUPAJ";36803
" ";" ";"2000"
" ";" ";" ";"Starost - SKUPAJ";36866
" ";" ";"2001"
" ";" ";" ";"Starost - SKUPAJ";36894
" ";" ";"2002"
" ";" ";" ";"Starost - SKUPAJ";36869
" ";" ";"2003"
" ";" ";" ";"Starost - SKUPAJ";36827
" ";" ";"2004"
" ";" ";" ";"Starost - SKUPAJ";36784
" ";" ";"2005"
" ";" ";" ";"Starost - SKUPAJ";36783
" ";" ";"2006"
" ";" ";" ";"Starost - SKUPAJ";36790
" ";" ";"2007"
" ";" ";" ";"Starost - SKUPAJ";36728
" ";" ";"2008"
" ";" ";" ";"Starost - SKUPAJ";36925
" ";" ";"2009"
" ";" ";" ";"Starost - SKUPAJ";36388
" ";" ";"2010"
" ";" ";" ";"Starost - SKUPAJ";36551
" ";" ";"2011"
" ";" ";" ";"Starost - SKUPAJ";36401
" ";" ";"2012"
" ";" ";" ";"Starost - SKUPAJ";36313
" ";" ";"2013"
" ";" ";" ";"Starost - SKUPAJ";36205
" ";" ";"2014"
" ";" ";" ";"Starost - SKUPAJ";35947
" ";" ";"2015"
" ";" ";" ";"Starost - SKUPAJ";35836
" ";" ";"2016"
" ";" ";" ";"Starost - SKUPAJ";35657
" ";" ";"2017"
" ";" ";" ";"Starost - SKUPAJ";35494
" ";" ";"2018"
" ";" ";" ";"Starost - SKUPAJ";35419
" ";"Ženske"
" ";" ";"1990"
" ";" ";" ";"Starost - SKUPAJ";37359
" ";" ";"1991"
" ";" ";" ";"Starost - SKUPAJ";37490
" ";" ";"1992"
" ";" ";" ";"Starost - SKUPAJ";37492
" ";" ";"1993"
" ";" ";" ";"Starost - SKUPAJ";37427
" ";" ";"1994"
" ";" ";" ";"Starost - SKUPAJ";37449
" ";" ";"1995"
" ";" ";" ";"Starost - SKUPAJ";37402
" ";" ";"1996"
" ";" ";" ";"Starost - SKUPAJ";37267
" ";" ";"1997"
" ";" ";" ";"Starost - SKUPAJ";37122
" ";" ";"1998"
" ";" ";" ";"Starost - SKUPAJ";37126
" ";" ";"1999"
" ";" ";" ";"Starost - SKUPAJ";37144
" ";" ";"2000"
" ";" ";" ";"Starost - SKUPAJ";37181
" ";" ";"2001"
" ";" ";" ";"Starost - SKUPAJ";37181
" ";" ";"2002"
" ";" ";" ";"Starost - SKUPAJ";37158
" ";" ";"2003"
" ";" ";" ";"Starost - SKUPAJ";37074
" ";" ";"2004"
" ";" ";" ";"Starost - SKUPAJ";37076
" ";" ";"2005"
" ";" ";" ";"Starost - SKUPAJ";37056
" ";" ";"2006"
" ";" ";" ";"Starost - SKUPAJ";36964
" ";" ";"2007"
" ";" ";" ";"Starost - SKUPAJ";36891
" ";" ";"2008"
" ";" ";" ";"Starost - SKUPAJ";36789
" ";" ";"2009"
" ";" ";" ";"Starost - SKUPAJ";36093
" ";" ";"2010"
" ";" ";" ";"Starost - SKUPAJ";36261
" ";" ";"2011"
" ";" ";" ";"Starost - SKUPAJ";36093
" ";" ";"2012"
" ";" ";" ";"Starost - SKUPAJ";36051
" ";" ";"2013"
" ";" ";" ";"Starost - SKUPAJ";35895
" ";" ";"2014"
" ";" ";" ";"Starost - SKUPAJ";35599
" ";" ";"2015"
" ";" ";" ";"Starost - SKUPAJ";35467
" ";" ";"2016"
" ";" ";" ";"Starost - SKUPAJ";35383
" ";" ";"2017"
" ";" ";" ";"Starost - SKUPAJ";35267
" ";" ";"2018"
" ";" ";" ";"Starost - SKUPAJ";35131
"Savinjska"
" ";"Moški"
" ";" ";"1990"
" ";" ";" ";"Starost - SKUPAJ";125110
" ";" ";"1991"
" ";" ";" ";"Starost - SKUPAJ";125545
" ";" ";"1992"
" ";" ";" ";"Starost - SKUPAJ";125760
" ";" ";"1993"
" ";" ";" ";"Starost - SKUPAJ";125548
" ";" ";"1994"
" ";" ";" ";"Starost - SKUPAJ";125224
" ";" ";"1995"
" ";" ";" ";"Starost - SKUPAJ";125341
" ";" ";"1996"
" ";" ";" ";"Starost - SKUPAJ";125196
" ";" ";"1997"
" ";" ";" ";"Starost - SKUPAJ";125483
" ";" ";"1998"
" ";" ";" ";"Starost - SKUPAJ";125417
" ";" ";"1999"
" ";" ";" ";"Starost - SKUPAJ";124594
" ";" ";"2000"
" ";" ";" ";"Starost - SKUPAJ";125679
" ";" ";"2001"
" ";" ";" ";"Starost - SKUPAJ";125795
" ";" ";"2002"
" ";" ";" ";"Starost - SKUPAJ";126044
" ";" ";"2003"
" ";" ";" ";"Starost - SKUPAJ";126252
" ";" ";"2004"
" ";" ";" ";"Starost - SKUPAJ";126184
" ";" ";"2005"
" ";" ";" ";"Starost - SKUPAJ";126111
" ";" ";"2006"
" ";" ";" ";"Starost - SKUPAJ";126762
" ";" ";"2007"
" ";" ";" ";"Starost - SKUPAJ";127802
" ";" ";"2008"
" ";" ";" ";"Starost - SKUPAJ";130199
" ";" ";"2009"
" ";" ";" ";"Starost - SKUPAJ";129118
" ";" ";"2010"
" ";" ";" ";"Starost - SKUPAJ";129967
" ";" ";"2011"
" ";" ";" ";"Starost - SKUPAJ";129441
" ";" ";"2012"
" ";" ";" ";"Starost - SKUPAJ";129791
" ";" ";"2013"
" ";" ";" ";"Starost - SKUPAJ";129929
" ";" ";"2014"
" ";" ";" ";"Starost - SKUPAJ";130054
" ";" ";"2015"
" ";" ";" ";"Starost - SKUPAJ";127110
" ";" ";"2016"
" ";" ";" ";"Starost - SKUPAJ";127250
" ";" ";"2017"
" ";" ";" ";"Starost - SKUPAJ";127753
" ";" ";"2018"
" ";" ";" ";"Starost - SKUPAJ";127926
" ";"Ženske"
" ";" ";"1990"
" ";" ";" ";"Starost - SKUPAJ";132481
" ";" ";"1991"
" ";" ";" ";"Starost - SKUPAJ";132793
" ";" ";"1992"
" ";" ";" ";"Starost - SKUPAJ";132681
" ";" ";"1993"
" ";" ";" ";"Starost - SKUPAJ";132515
" ";" ";"1994"
" ";" ";" ";"Starost - SKUPAJ";132188
" ";" ";"1995"
" ";" ";" ";"Starost - SKUPAJ";132247
" ";" ";"1996"
" ";" ";" ";"Starost - SKUPAJ";131378
" ";" ";"1997"
" ";" ";" ";"Starost - SKUPAJ";130973
" ";" ";"1998"
" ";" ";" ";"Starost - SKUPAJ";130741
" ";" ";"1999"
" ";" ";" ";"Starost - SKUPAJ";130377
" ";" ";"2000"
" ";" ";" ";"Starost - SKUPAJ";130652
" ";" ";"2001"
" ";" ";" ";"Starost - SKUPAJ";130612
" ";" ";"2002"
" ";" ";" ";"Starost - SKUPAJ";130827
" ";" ";"2003"
" ";" ";" ";"Starost - SKUPAJ";130716
" ";" ";"2004"
" ";" ";" ";"Starost - SKUPAJ";130626
" ";" ";"2005"
" ";" ";" ";"Starost - SKUPAJ";130641
" ";" ";"2006"
" ";" ";" ";"Starost - SKUPAJ";130613
" ";" ";"2007"
" ";" ";" ";"Starost - SKUPAJ";130678
" ";" ";"2008"
" ";" ";" ";"Starost - SKUPAJ";131044
" ";" ";"2009"
" ";" ";" ";"Starost - SKUPAJ";129727
" ";" ";"2010"
" ";" ";" ";"Starost - SKUPAJ";130058
" ";" ";"2011"
" ";" ";" ";"Starost - SKUPAJ";130285
" ";" ";"2012"
" ";" ";" ";"Starost - SKUPAJ";130462
" ";" ";"2013"
" ";" ";" ";"Starost - SKUPAJ";130288
" ";" ";"2014"
" ";" ";" ";"Starost - SKUPAJ";129799
" ";" ";"2015"
" ";" ";" ";"Starost - SKUPAJ";126865
" ";" ";"2016"
" ";" ";" ";"Starost - SKUPAJ";127068
" ";" ";"2017"
" ";" ";" ";"Starost - SKUPAJ";127008
" ";" ";"2018"
" ";" ";" ";"Starost - SKUPAJ";126834
"Zasavska"
" ";"Moški"
" ";" ";"1990"
" ";" ";" ";"Starost - SKUPAJ";23214
" ";" ";"1991"
" ";" ";" ";"Starost - SKUPAJ";23121
" ";" ";"1992"
" ";" ";" ";"Starost - SKUPAJ";23019
" ";" ";"1993"
" ";" ";" ";"Starost - SKUPAJ";22835
" ";" ";"1994"
" ";" ";" ";"Starost - SKUPAJ";22701
" ";" ";"1995"
" ";" ";" ";"Starost - SKUPAJ";22556
" ";" ";"1996"
" ";" ";" ";"Starost - SKUPAJ";22765
" ";" ";"1997"
" ";" ";" ";"Starost - SKUPAJ";22718
" ";" ";"1998"
" ";" ";" ";"Starost - SKUPAJ";22680
" ";" ";"1999"
" ";" ";" ";"Starost - SKUPAJ";22482
" ";" ";"2000"
" ";" ";" ";"Starost - SKUPAJ";22518
" ";" ";"2001"
" ";" ";" ";"Starost - SKUPAJ";22417
" ";" ";"2002"
" ";" ";" ";"Starost - SKUPAJ";22436
" ";" ";"2003"
" ";" ";" ";"Starost - SKUPAJ";22337
" ";" ";"2004"
" ";" ";" ";"Starost - SKUPAJ";22255
" ";" ";"2005"
" ";" ";" ";"Starost - SKUPAJ";22146
" ";" ";"2006"
" ";" ";" ";"Starost - SKUPAJ";22040
" ";" ";"2007"
" ";" ";" ";"Starost - SKUPAJ";21979
" ";" ";"2008"
" ";" ";" ";"Starost - SKUPAJ";22029
" ";" ";"2009"
" ";" ";" ";"Starost - SKUPAJ";21813
" ";" ";"2010"
" ";" ";" ";"Starost - SKUPAJ";21893
" ";" ";"2011"
" ";" ";" ";"Starost - SKUPAJ";21637
" ";" ";"2012"
" ";" ";" ";"Starost - SKUPAJ";21513
" ";" ";"2013"
" ";" ";" ";"Starost - SKUPAJ";21340
" ";" ";"2014"
" ";" ";" ";"Starost - SKUPAJ";21086
" ";" ";"2015"
" ";" ";" ";"Starost - SKUPAJ";28385
" ";" ";"2016"
" ";" ";" ";"Starost - SKUPAJ";28290
" ";" ";"2017"
" ";" ";" ";"Starost - SKUPAJ";28277
" ";" ";"2018"
" ";" ";" ";"Starost - SKUPAJ";28183
" ";"Ženske"
" ";" ";"1990"
" ";" ";" ";"Starost - SKUPAJ";24593
" ";" ";"1991"
" ";" ";" ";"Starost - SKUPAJ";24552
" ";" ";"1992"
" ";" ";" ";"Starost - SKUPAJ";24419
" ";" ";"1993"
" ";" ";" ";"Starost - SKUPAJ";24314
" ";" ";"1994"
" ";" ";" ";"Starost - SKUPAJ";24221
" ";" ";"1995"
" ";" ";" ";"Starost - SKUPAJ";24141
" ";" ";"1996"
" ";" ";" ";"Starost - SKUPAJ";24347
" ";" ";"1997"
" ";" ";" ";"Starost - SKUPAJ";24183
" ";" ";"1998"
" ";" ";" ";"Starost - SKUPAJ";24033
" ";" ";"1999"
" ";" ";" ";"Starost - SKUPAJ";23931
" ";" ";"2000"
" ";" ";" ";"Starost - SKUPAJ";23933
" ";" ";"2001"
" ";" ";" ";"Starost - SKUPAJ";23784
" ";" ";"2002"
" ";" ";" ";"Starost - SKUPAJ";23687
" ";" ";"2003"
" ";" ";" ";"Starost - SKUPAJ";23582
" ";" ";"2004"
" ";" ";" ";"Starost - SKUPAJ";23507
" ";" ";"2005"
" ";" ";" ";"Starost - SKUPAJ";23401
" ";" ";"2006"
" ";" ";" ";"Starost - SKUPAJ";23316
" ";" ";"2007"
" ";" ";" ";"Starost - SKUPAJ";23250
" ";" ";"2008"
" ";" ";" ";"Starost - SKUPAJ";23197
" ";" ";"2009"
" ";" ";" ";"Starost - SKUPAJ";22937
" ";" ";"2010"
" ";" ";" ";"Starost - SKUPAJ";22813
" ";" ";"2011"
" ";" ";" ";"Starost - SKUPAJ";22585
" ";" ";"2012"
" ";" ";" ";"Starost - SKUPAJ";22413
" ";" ";"2013"
" ";" ";" ";"Starost - SKUPAJ";22162
" ";" ";"2014"
" ";" ";" ";"Starost - SKUPAJ";21897
" ";" ";"2015"
" ";" ";" ";"Starost - SKUPAJ";29326
" ";" ";"2016"
" ";" ";" ";"Starost - SKUPAJ";29114
" ";" ";"2017"
" ";" ";" ";"Starost - SKUPAJ";29003
" ";" ";"2018"
" ";" ";" ";"Starost - SKUPAJ";28878
"Posavska"
" ";"Moški"
" ";" ";"1990"
" ";" ";" ";"Starost - SKUPAJ";35957
" ";" ";"1991"
" ";" ";" ";"Starost - SKUPAJ";35923
" ";" ";"1992"
" ";" ";" ";"Starost - SKUPAJ";35761
" ";" ";"1993"
" ";" ";" ";"Starost - SKUPAJ";35669
" ";" ";"1994"
" ";" ";" ";"Starost - SKUPAJ";35602
" ";" ";"1995"
" ";" ";" ";"Starost - SKUPAJ";35320
" ";" ";"1996"
" ";" ";" ";"Starost - SKUPAJ";35000
" ";" ";"1997"
" ";" ";" ";"Starost - SKUPAJ";34630
" ";" ";"1998"
" ";" ";" ";"Starost - SKUPAJ";34561
" ";" ";"1999"
" ";" ";" ";"Starost - SKUPAJ";34400
" ";" ";"2000"
" ";" ";" ";"Starost - SKUPAJ";34515
" ";" ";"2001"
" ";" ";" ";"Starost - SKUPAJ";34418
" ";" ";"2002"
" ";" ";" ";"Starost - SKUPAJ";34480
" ";" ";"2003"
" ";" ";" ";"Starost - SKUPAJ";34580
" ";" ";"2004"
" ";" ";" ";"Starost - SKUPAJ";34766
" ";" ";"2005"
" ";" ";" ";"Starost - SKUPAJ";34551
" ";" ";"2006"
" ";" ";" ";"Starost - SKUPAJ";34566
" ";" ";"2007"
" ";" ";" ";"Starost - SKUPAJ";34740
" ";" ";"2008"
" ";" ";" ";"Starost - SKUPAJ";35088
" ";" ";"2009"
" ";" ";" ";"Starost - SKUPAJ";35019
" ";" ";"2010"
" ";" ";" ";"Starost - SKUPAJ";35218
" ";" ";"2011"
" ";" ";" ";"Starost - SKUPAJ";35190
" ";" ";"2012"
" ";" ";" ";"Starost - SKUPAJ";35215
" ";" ";"2013"
" ";" ";" ";"Starost - SKUPAJ";35317
" ";" ";"2014"
" ";" ";" ";"Starost - SKUPAJ";35295
" ";" ";"2015"
" ";" ";" ";"Starost - SKUPAJ";38045
" ";" ";"2016"
" ";" ";" ";"Starost - SKUPAJ";38116
" ";" ";"2017"
" ";" ";" ";"Starost - SKUPAJ";37958
" ";" ";"2018"
" ";" ";" ";"Starost - SKUPAJ";37928
" ";"Ženske"
" ";" ";"1990"
" ";" ";" ";"Starost - SKUPAJ";37241
" ";" ";"1991"
" ";" ";" ";"Starost - SKUPAJ";37176
" ";" ";"1992"
" ";" ";" ";"Starost - SKUPAJ";37009
" ";" ";"1993"
" ";" ";" ";"Starost - SKUPAJ";36888
" ";" ";"1994"
" ";" ";" ";"Starost - SKUPAJ";36867
" ";" ";"1995"
" ";" ";" ";"Starost - SKUPAJ";36688
" ";" ";"1996"
" ";" ";" ";"Starost - SKUPAJ";36264
" ";" ";"1997"
" ";" ";" ";"Starost - SKUPAJ";35668
" ";" ";"1998"
" ";" ";" ";"Starost - SKUPAJ";35474
" ";" ";"1999"
" ";" ";" ";"Starost - SKUPAJ";35439
" ";" ";"2000"
" ";" ";" ";"Starost - SKUPAJ";35329
" ";" ";"2001"
" ";" ";" ";"Starost - SKUPAJ";35284
" ";" ";"2002"
" ";" ";" ";"Starost - SKUPAJ";35334
" ";" ";"2003"
" ";" ";" ";"Starost - SKUPAJ";35315
" ";" ";"2004"
" ";" ";" ";"Starost - SKUPAJ";35289
" ";" ";"2005"
" ";" ";" ";"Starost - SKUPAJ";35275
" ";" ";"2006"
" ";" ";" ";"Starost - SKUPAJ";35333
" ";" ";"2007"
" ";" ";" ";"Starost - SKUPAJ";35318
" ";" ";"2008"
" ";" ";" ";"Starost - SKUPAJ";35265
" ";" ";"2009"
" ";" ";" ";"Starost - SKUPAJ";34881
" ";" ";"2010"
" ";" ";" ";"Starost - SKUPAJ";34974
" ";" ";"2011"
" ";" ";" ";"Starost - SKUPAJ";34977
" ";" ";"2012"
" ";" ";" ";"Starost - SKUPAJ";34949
" ";" ";"2013"
" ";" ";" ";"Starost - SKUPAJ";34894
" ";" ";"2014"
" ";" ";" ";"Starost - SKUPAJ";34663
" ";" ";"2015"
" ";" ";" ";"Starost - SKUPAJ";37574
" ";" ";"2016"
" ";" ";" ";"Starost - SKUPAJ";37595
" ";" ";"2017"
" ";" ";" ";"Starost - SKUPAJ";37586
" ";" ";"2018"
" ";" ";" ";"Starost - SKUPAJ";37431
"Jugovzhodna Slovenija"
" ";"Moški"
" ";" ";"1990"
" ";" ";" ";"Starost - SKUPAJ";50740
" ";" ";"1991"
" ";" ";" ";"Starost - SKUPAJ";50902
" ";" ";"1992"
" ";" ";" ";"Starost - SKUPAJ";51018
" ";" ";"1993"
" ";" ";" ";"Starost - SKUPAJ";51190
" ";" ";"1994"
" ";" ";" ";"Starost - SKUPAJ";51243
" ";" ";"1995"
" ";" ";" ";"Starost - SKUPAJ";51397
" ";" ";"1996"
" ";" ";" ";"Starost - SKUPAJ";51720
" ";" ";"1997"
" ";" ";" ";"Starost - SKUPAJ";52099
" ";" ";"1998"
" ";" ";" ";"Starost - SKUPAJ";52300
" ";" ";"1999"
" ";" ";" ";"Starost - SKUPAJ";52133
" ";" ";"2000"
" ";" ";" ";"Starost - SKUPAJ";68152
" ";" ";"2001"
" ";" ";" ";"Starost - SKUPAJ";68239
" ";" ";"2002"
" ";" ";" ";"Starost - SKUPAJ";68345
" ";" ";"2003"
" ";" ";" ";"Starost - SKUPAJ";68591
" ";" ";"2004"
" ";" ";" ";"Starost - SKUPAJ";68702
" ";" ";"2005"
" ";" ";" ";"Starost - SKUPAJ";68844
" ";" ";"2006"
" ";" ";" ";"Starost - SKUPAJ";69336
" ";" ";"2007"
" ";" ";" ";"Starost - SKUPAJ";69641
" ";" ";"2008"
" ";" ";" ";"Starost - SKUPAJ";70823
" ";" ";"2009"
" ";" ";" ";"Starost - SKUPAJ";70931
" ";" ";"2010"
" ";" ";" ";"Starost - SKUPAJ";71612
" ";" ";"2011"
" ";" ";" ";"Starost - SKUPAJ";71780
" ";" ";"2012"
" ";" ";" ";"Starost - SKUPAJ";71765
" ";" ";"2013"
" ";" ";" ";"Starost - SKUPAJ";71641
" ";" ";"2014"
" ";" ";" ";"Starost - SKUPAJ";71730
" ";" ";"2015"
" ";" ";" ";"Starost - SKUPAJ";71737
" ";" ";"2016"
" ";" ";" ";"Starost - SKUPAJ";71842
" ";" ";"2017"
" ";" ";" ";"Starost - SKUPAJ";72044
" ";" ";"2018"
" ";" ";" ";"Starost - SKUPAJ";72067
" ";"Ženske"
" ";" ";"1990"
" ";" ";" ";"Starost - SKUPAJ";52829
" ";" ";"1991"
" ";" ";" ";"Starost - SKUPAJ";53054
" ";" ";"1992"
" ";" ";" ";"Starost - SKUPAJ";53104
" ";" ";"1993"
" ";" ";" ";"Starost - SKUPAJ";53278
" ";" ";"1994"
" ";" ";" ";"Starost - SKUPAJ";53324
" ";" ";"1995"
" ";" ";" ";"Starost - SKUPAJ";53407
" ";" ";"1996"
" ";" ";" ";"Starost - SKUPAJ";53420
" ";" ";"1997"
" ";" ";" ";"Starost - SKUPAJ";53769
" ";" ";"1998"
" ";" ";" ";"Starost - SKUPAJ";53828
" ";" ";"1999"
" ";" ";" ";"Starost - SKUPAJ";53780
" ";" ";"2000"
" ";" ";" ";"Starost - SKUPAJ";69774
" ";" ";"2001"
" ";" ";" ";"Starost - SKUPAJ";69859
" ";" ";"2002"
" ";" ";" ";"Starost - SKUPAJ";70035
" ";" ";"2003"
" ";" ";" ";"Starost - SKUPAJ";70053
" ";" ";"2004"
" ";" ";" ";"Starost - SKUPAJ";70146
" ";" ";"2005"
" ";" ";" ";"Starost - SKUPAJ";70251
" ";" ";"2006"
" ";" ";" ";"Starost - SKUPAJ";70411
" ";" ";"2007"
" ";" ";" ";"Starost - SKUPAJ";70617
" ";" ";"2008"
" ";" ";" ";"Starost - SKUPAJ";70724
" ";" ";"2009"
" ";" ";" ";"Starost - SKUPAJ";70235
" ";" ";"2010"
" ";" ";" ";"Starost - SKUPAJ";70480
" ";" ";"2011"
" ";" ";" ";"Starost - SKUPAJ";70703
" ";" ";"2012"
" ";" ";" ";"Starost - SKUPAJ";70915
" ";" ";"2013"
" ";" ";" ";"Starost - SKUPAJ";70868
" ";" ";"2014"
" ";" ";" ";"Starost - SKUPAJ";70675
" ";" ";"2015"
" ";" ";" ";"Starost - SKUPAJ";70636
" ";" ";"2016"
" ";" ";" ";"Starost - SKUPAJ";70724
" ";" ";"2017"
" ";" ";" ";"Starost - SKUPAJ";70667
" ";" ";"2018"
" ";" ";" ";"Starost - SKUPAJ";70752
"Osrednjeslovenska"
" ";"Moški"
" ";" ";"1990"
" ";" ";" ";"Starost - SKUPAJ";246027
" ";" ";"1991"
" ";" ";" ";"Starost - SKUPAJ";246517
" ";" ";"1992"
" ";" ";" ";"Starost - SKUPAJ";246501
" ";" ";"1993"
" ";" ";" ";"Starost - SKUPAJ";245408
" ";" ";"1994"
" ";" ";" ";"Starost - SKUPAJ";244937
" ";" ";"1995"
" ";" ";" ";"Starost - SKUPAJ";245199
" ";" ";"1996"
" ";" ";" ";"Starost - SKUPAJ";249371
" ";" ";"1997"
" ";" ";" ";"Starost - SKUPAJ";249806
" ";" ";"1998"
" ";" ";" ";"Starost - SKUPAJ";249990
" ";" ";"1999"
" ";" ";" ";"Starost - SKUPAJ";248406
" ";" ";"2000"
" ";" ";" ";"Starost - SKUPAJ";235933
" ";" ";"2001"
" ";" ";" ";"Starost - SKUPAJ";237620
" ";" ";"2002"
" ";" ";" ";"Starost - SKUPAJ";238463
" ";" ";"2003"
" ";" ";" ";"Starost - SKUPAJ";238894
" ";" ";"2004"
" ";" ";" ";"Starost - SKUPAJ";240041
" ";" ";"2005"
" ";" ";" ";"Starost - SKUPAJ";240645
" ";" ";"2006"
" ";" ";" ";"Starost - SKUPAJ";242662
" ";" ";"2007"
" ";" ";" ";"Starost - SKUPAJ";245286
" ";" ";"2008"
" ";" ";" ";"Starost - SKUPAJ";248593
" ";" ";"2009"
" ";" ";" ";"Starost - SKUPAJ";254639
" ";" ";"2010"
" ";" ";" ";"Starost - SKUPAJ";259613
" ";" ";"2011"
" ";" ";" ";"Starost - SKUPAJ";260947
" ";" ";"2012"
" ";" ";" ";"Starost - SKUPAJ";262171
" ";" ";"2013"
" ";" ";" ";"Starost - SKUPAJ";264572
" ";" ";"2014"
" ";" ";" ";"Starost - SKUPAJ";266616
" ";" ";"2015"
" ";" ";" ";"Starost - SKUPAJ";260881
" ";" ";"2016"
" ";" ";" ";"Starost - SKUPAJ";262344
" ";" ";"2017"
" ";" ";" ";"Starost - SKUPAJ";264118
" ";" ";"2018"
" ";" ";" ";"Starost - SKUPAJ";265937
" ";"Ženske"
" ";" ";"1990"
" ";" ";" ";"Starost - SKUPAJ";268086
" ";" ";"1991"
" ";" ";" ";"Starost - SKUPAJ";268493
" ";" ";"1992"
" ";" ";" ";"Starost - SKUPAJ";268316
" ";" ";"1993"
" ";" ";" ";"Starost - SKUPAJ";267903
" ";" ";"1994"
" ";" ";" ";"Starost - SKUPAJ";267700
" ";" ";"1995"
" ";" ";" ";"Starost - SKUPAJ";268101
" ";" ";"1996"
" ";" ";" ";"Starost - SKUPAJ";268757
" ";" ";"1997"
" ";" ";" ";"Starost - SKUPAJ";267506
" ";" ";"1998"
" ";" ";" ";"Starost - SKUPAJ";267273
" ";" ";"1999"
" ";" ";" ";"Starost - SKUPAJ";266888
" ";" ";"2000"
" ";" ";" ";"Starost - SKUPAJ";251856
" ";" ";"2001"
" ";" ";" ";"Starost - SKUPAJ";252528
" ";" ";"2002"
" ";" ";" ";"Starost - SKUPAJ";253654
" ";" ";"2003"
" ";" ";" ";"Starost - SKUPAJ";254538
" ";" ";"2004"
" ";" ";" ";"Starost - SKUPAJ";255060
" ";" ";"2005"
" ";" ";" ";"Starost - SKUPAJ";256030
" ";" ";"2006"
" ";" ";" ";"Starost - SKUPAJ";257359
" ";" ";"2007"
" ";" ";" ";"Starost - SKUPAJ";258649
" ";" ";"2008"
" ";" ";" ";"Starost - SKUPAJ";260014
" ";" ";"2009"
" ";" ";" ";"Starost - SKUPAJ";267326
" ";" ";"2010"
" ";" ";" ";"Starost - SKUPAJ";270033
" ";" ";"2011"
" ";" ";" ";"Starost - SKUPAJ";272266
" ";" ";"2012"
" ";" ";" ";"Starost - SKUPAJ";274313
" ";" ";"2013"
" ";" ";" ";"Starost - SKUPAJ";277146
" ";" ";"2014"
" ";" ";" ";"Starost - SKUPAJ";279698
" ";" ";"2015"
" ";" ";" ";"Starost - SKUPAJ";273637
" ";" ";"2016"
" ";" ";" ";"Starost - SKUPAJ";274679
" ";" ";"2017"
" ";" ";" ";"Starost - SKUPAJ";275554
" ";" ";"2018"
" ";" ";" ";"Starost - SKUPAJ";276369
"Gorenjska"
" ";"Moški"
" ";" ";"1990"
" ";" ";" ";"Starost - SKUPAJ";93452
" ";" ";"1991"
" ";" ";" ";"Starost - SKUPAJ";94035
" ";" ";"1992"
" ";" ";" ";"Starost - SKUPAJ";94196
" ";" ";"1993"
" ";" ";" ";"Starost - SKUPAJ";94078
" ";" ";"1994"
" ";" ";" ";"Starost - SKUPAJ";94156
" ";" ";"1995"
" ";" ";" ";"Starost - SKUPAJ";94316
" ";" ";"1996"
" ";" ";" ";"Starost - SKUPAJ";94701
" ";" ";"1997"
" ";" ";" ";"Starost - SKUPAJ";95076
" ";" ";"1998"
" ";" ";" ";"Starost - SKUPAJ";95227
" ";" ";"1999"
" ";" ";" ";"Starost - SKUPAJ";94827
" ";" ";"2000"
" ";" ";" ";"Starost - SKUPAJ";95803
" ";" ";"2001"
" ";" ";" ";"Starost - SKUPAJ";95867
" ";" ";"2002"
" ";" ";" ";"Starost - SKUPAJ";96266
" ";" ";"2003"
" ";" ";" ";"Starost - SKUPAJ";96421
" ";" ";"2004"
" ";" ";" ";"Starost - SKUPAJ";96551
" ";" ";"2005"
" ";" ";" ";"Starost - SKUPAJ";96841
" ";" ";"2006"
" ";" ";" ";"Starost - SKUPAJ";97397
" ";" ";"2007"
" ";" ";" ";"Starost - SKUPAJ";97890
" ";" ";"2008"
" ";" ";" ";"Starost - SKUPAJ";99038
" ";" ";"2009"
" ";" ";" ";"Starost - SKUPAJ";99514
" ";" ";"2010"
" ";" ";" ";"Starost - SKUPAJ";100247
" ";" ";"2011"
" ";" ";" ";"Starost - SKUPAJ";100481
" ";" ";"2012"
" ";" ";" ";"Starost - SKUPAJ";100810
" ";" ";"2013"
" ";" ";" ";"Starost - SKUPAJ";100842
" ";" ";"2014"
" ";" ";" ";"Starost - SKUPAJ";100895
" ";" ";"2015"
" ";" ";" ";"Starost - SKUPAJ";100930
" ";" ";"2016"
" ";" ";" ";"Starost - SKUPAJ";100962
" ";" ";"2017"
" ";" ";" ";"Starost - SKUPAJ";100955
" ";" ";"2018"
" ";" ";" ";"Starost - SKUPAJ";101018
" ";"Ženske"
" ";" ";"1990"
" ";" ";" ";"Starost - SKUPAJ";99913
" ";" ";"1991"
" ";" ";" ";"Starost - SKUPAJ";100380
" ";" ";"1992"
" ";" ";" ";"Starost - SKUPAJ";100454
" ";" ";"1993"
" ";" ";" ";"Starost - SKUPAJ";100309
" ";" ";"1994"
" ";" ";" ";"Starost - SKUPAJ";100382
" ";" ";"1995"
" ";" ";" ";"Starost - SKUPAJ";100491
" ";" ";"1996"
" ";" ";" ";"Starost - SKUPAJ";100486
" ";" ";"1997"
" ";" ";" ";"Starost - SKUPAJ";100296
" ";" ";"1998"
" ";" ";" ";"Starost - SKUPAJ";100411
" ";" ";"1999"
" ";" ";" ";"Starost - SKUPAJ";100384
" ";" ";"2000"
" ";" ";" ";"Starost - SKUPAJ";100674
" ";" ";"2001"
" ";" ";" ";"Starost - SKUPAJ";100834
" ";" ";"2002"
" ";" ";" ";"Starost - SKUPAJ";101011
" ";" ";"2003"
" ";" ";" ";"Starost - SKUPAJ";101227
" ";" ";"2004"
" ";" ";" ";"Starost - SKUPAJ";101283
" ";" ";"2005"
" ";" ";" ";"Starost - SKUPAJ";101501
" ";" ";"2006"
" ";" ";" ";"Starost - SKUPAJ";101688
" ";" ";"2007"
" ";" ";" ";"Starost - SKUPAJ";102012
" ";" ";"2008"
" ";" ";" ";"Starost - SKUPAJ";102216
" ";" ";"2009"
" ";" ";" ";"Starost - SKUPAJ";102265
" ";" ";"2010"
" ";" ";" ";"Starost - SKUPAJ";102656
" ";" ";"2011"
" ";" ";" ";"Starost - SKUPAJ";102946
" ";" ";"2012"
" ";" ";" ";"Starost - SKUPAJ";103247
" ";" ";"2013"
" ";" ";" ";"Starost - SKUPAJ";103142
" ";" ";"2014"
" ";" ";" ";"Starost - SKUPAJ";102999
" ";" ";"2015"
" ";" ";" ";"Starost - SKUPAJ";102920
" ";" ";"2016"
" ";" ";" ";"Starost - SKUPAJ";102876
" ";" ";"2017"
" ";" ";" ";"Starost - SKUPAJ";102845
" ";" ";"2018"
" ";" ";" ";"Starost - SKUPAJ";102618
"Primorsko-notranjska"
" ";"Moški"
" ";" ";"1990"
" ";" ";" ";"Starost - SKUPAJ";24841
" ";" ";"1991"
" ";" ";" ";"Starost - SKUPAJ";24886
" ";" ";"1992"
" ";" ";" ";"Starost - SKUPAJ";24608
" ";" ";"1993"
" ";" ";" ";"Starost - SKUPAJ";24184
" ";" ";"1994"
" ";" ";" ";"Starost - SKUPAJ";24195
" ";" ";"1995"
" ";" ";" ";"Starost - SKUPAJ";24226
" ";" ";"1996"
" ";" ";" ";"Starost - SKUPAJ";24946
" ";" ";"1997"
" ";" ";" ";"Starost - SKUPAJ";24830
" ";" ";"1998"
" ";" ";" ";"Starost - SKUPAJ";24848
" ";" ";"1999"
" ";" ";" ";"Starost - SKUPAJ";24683
" ";" ";"2000"
" ";" ";" ";"Starost - SKUPAJ";24915
" ";" ";"2001"
" ";" ";" ";"Starost - SKUPAJ";24944
" ";" ";"2002"
" ";" ";" ";"Starost - SKUPAJ";25055
" ";" ";"2003"
" ";" ";" ";"Starost - SKUPAJ";25136
" ";" ";"2004"
" ";" ";" ";"Starost - SKUPAJ";25255
" ";" ";"2005"
" ";" ";" ";"Starost - SKUPAJ";25281
" ";" ";"2006"
" ";" ";" ";"Starost - SKUPAJ";25427
" ";" ";"2007"
" ";" ";" ";"Starost - SKUPAJ";25649
" ";" ";"2008"
" ";" ";" ";"Starost - SKUPAJ";26190
" ";" ";"2009"
" ";" ";" ";"Starost - SKUPAJ";26007
" ";" ";"2010"
" ";" ";" ";"Starost - SKUPAJ";26342
" ";" ";"2011"
" ";" ";" ";"Starost - SKUPAJ";26392
" ";" ";"2012"
" ";" ";" ";"Starost - SKUPAJ";26425
" ";" ";"2013"
" ";" ";" ";"Starost - SKUPAJ";26405
" ";" ";"2014"
" ";" ";" ";"Starost - SKUPAJ";26444
" ";" ";"2015"
" ";" ";" ";"Starost - SKUPAJ";26551
" ";" ";"2016"
" ";" ";" ";"Starost - SKUPAJ";26541
" ";" ";"2017"
" ";" ";" ";"Starost - SKUPAJ";26637
" ";" ";"2018"
" ";" ";" ";"Starost - SKUPAJ";26470
" ";"Ženske"
" ";" ";"1990"
" ";" ";" ";"Starost - SKUPAJ";25595
" ";" ";"1991"
" ";" ";" ";"Starost - SKUPAJ";25663
" ";" ";"1992"
" ";" ";" ";"Starost - SKUPAJ";25431
" ";" ";"1993"
" ";" ";" ";"Starost - SKUPAJ";25217
" ";" ";"1994"
" ";" ";" ";"Starost - SKUPAJ";25221
" ";" ";"1995"
" ";" ";" ";"Starost - SKUPAJ";25224
" ";" ";"1996"
" ";" ";" ";"Starost - SKUPAJ";25791
" ";" ";"1997"
" ";" ";" ";"Starost - SKUPAJ";25513
" ";" ";"1998"
" ";" ";" ";"Starost - SKUPAJ";25517
" ";" ";"1999"
" ";" ";" ";"Starost - SKUPAJ";25457
" ";" ";"2000"
" ";" ";" ";"Starost - SKUPAJ";25629
" ";" ";"2001"
" ";" ";" ";"Starost - SKUPAJ";25641
" ";" ";"2002"
" ";" ";" ";"Starost - SKUPAJ";25705
" ";" ";"2003"
" ";" ";" ";"Starost - SKUPAJ";25639
" ";" ";"2004"
" ";" ";" ";"Starost - SKUPAJ";25658
" ";" ";"2005"
" ";" ";" ";"Starost - SKUPAJ";25751
" ";" ";"2006"
" ";" ";" ";"Starost - SKUPAJ";25746
" ";" ";"2007"
" ";" ";" ";"Starost - SKUPAJ";25834
" ";" ";"2008"
" ";" ";" ";"Starost - SKUPAJ";25893
" ";" ";"2009"
" ";" ";" ";"Starost - SKUPAJ";25721
" ";" ";"2010"
" ";" ";" ";"Starost - SKUPAJ";25875
" ";" ";"2011"
" ";" ";" ";"Starost - SKUPAJ";25895
" ";" ";"2012"
" ";" ";" ";"Starost - SKUPAJ";25962
" ";" ";"2013"
" ";" ";" ";"Starost - SKUPAJ";25977
" ";" ";"2014"
" ";" ";" ";"Starost - SKUPAJ";26005
" ";" ";"2015"
" ";" ";" ";"Starost - SKUPAJ";25987
" ";" ";"2016"
" ";" ";" ";"Starost - SKUPAJ";25982
" ";" ";"2017"
" ";" ";" ";"Starost - SKUPAJ";25945
" ";" ";"2018"
" ";" ";" ";"Starost - SKUPAJ";25864
"Goriška"
" ";"Moški"
" ";" ";"1990"
" ";" ";" ";"Starost - SKUPAJ";59057
" ";" ";"1991"
" ";" ";" ";"Starost - SKUPAJ";59037
" ";" ";"1992"
" ";" ";" ";"Starost - SKUPAJ";58759
" ";" ";"1993"
" ";" ";" ";"Starost - SKUPAJ";58624
" ";" ";"1994"
" ";" ";" ";"Starost - SKUPAJ";58521
" ";" ";"1995"
" ";" ";" ";"Starost - SKUPAJ";58404
" ";" ";"1996"
" ";" ";" ";"Starost - SKUPAJ";59410
" ";" ";"1997"
" ";" ";" ";"Starost - SKUPAJ";59495
" ";" ";"1998"
" ";" ";" ";"Starost - SKUPAJ";59211
" ";" ";"1999"
" ";" ";" ";"Starost - SKUPAJ";58771
" ";" ";"2000"
" ";" ";" ";"Starost - SKUPAJ";59438
" ";" ";"2001"
" ";" ";" ";"Starost - SKUPAJ";59413
" ";" ";"2002"
" ";" ";" ";"Starost - SKUPAJ";59460
" ";" ";"2003"
" ";" ";" ";"Starost - SKUPAJ";59099
" ";" ";"2004"
" ";" ";" ";"Starost - SKUPAJ";59046
" ";" ";"2005"
" ";" ";" ";"Starost - SKUPAJ";59010
" ";" ";"2006"
" ";" ";" ";"Starost - SKUPAJ";59106
" ";" ";"2007"
" ";" ";" ";"Starost - SKUPAJ";59086
" ";" ";"2008"
" ";" ";" ";"Starost - SKUPAJ";59977
" ";" ";"2009"
" ";" ";" ";"Starost - SKUPAJ";59121
" ";" ";"2010"
" ";" ";" ";"Starost - SKUPAJ";59588
" ";" ";"2011"
" ";" ";" ";"Starost - SKUPAJ";59561
" ";" ";"2012"
" ";" ";" ";"Starost - SKUPAJ";59514
" ";" ";"2013"
" ";" ";" ";"Starost - SKUPAJ";59367
" ";" ";"2014"
" ";" ";" ";"Starost - SKUPAJ";59156
" ";" ";"2015"
" ";" ";" ";"Starost - SKUPAJ";59055
" ";" ";"2016"
" ";" ";" ";"Starost - SKUPAJ";59018
" ";" ";"2017"
" ";" ";" ";"Starost - SKUPAJ";58896
" ";" ";"2018"
" ";" ";" ";"Starost - SKUPAJ";58708
" ";"Ženske"
" ";" ";"1990"
" ";" ";" ";"Starost - SKUPAJ";61867
" ";" ";"1991"
" ";" ";" ";"Starost - SKUPAJ";61844
" ";" ";"1992"
" ";" ";" ";"Starost - SKUPAJ";61676
" ";" ";"1993"
" ";" ";" ";"Starost - SKUPAJ";61549
" ";" ";"1994"
" ";" ";" ";"Starost - SKUPAJ";61443
" ";" ";"1995"
" ";" ";" ";"Starost - SKUPAJ";61424
" ";" ";"1996"
" ";" ";" ";"Starost - SKUPAJ";61550
" ";" ";"1997"
" ";" ";" ";"Starost - SKUPAJ";61367
" ";" ";"1998"
" ";" ";" ";"Starost - SKUPAJ";61075
" ";" ";"1999"
" ";" ";" ";"Starost - SKUPAJ";60888
" ";" ";"2000"
" ";" ";" ";"Starost - SKUPAJ";61006
" ";" ";"2001"
" ";" ";" ";"Starost - SKUPAJ";60901
" ";" ";"2002"
" ";" ";" ";"Starost - SKUPAJ";60953
" ";" ";"2003"
" ";" ";" ";"Starost - SKUPAJ";60839
" ";" ";"2004"
" ";" ";" ";"Starost - SKUPAJ";60696
" ";" ";"2005"
" ";" ";" ";"Starost - SKUPAJ";60612
" ";" ";"2006"
" ";" ";" ";"Starost - SKUPAJ";60522
" ";" ";"2007"
" ";" ";" ";"Starost - SKUPAJ";60391
" ";" ";"2008"
" ";" ";" ";"Starost - SKUPAJ";60352
" ";" ";"2009"
" ";" ";" ";"Starost - SKUPAJ";59412
" ";" ";"2010"
" ";" ";" ";"Starost - SKUPAJ";59492
" ";" ";"2011"
" ";" ";" ";"Starost - SKUPAJ";59585
" ";" ";"2012"
" ";" ";" ";"Starost - SKUPAJ";59722
" ";" ";"2013"
" ";" ";" ";"Starost - SKUPAJ";59635
" ";" ";"2014"
" ";" ";" ";"Starost - SKUPAJ";59218
" ";" ";"2015"
" ";" ";" ";"Starost - SKUPAJ";59133
" ";" ";"2016"
" ";" ";" ";"Starost - SKUPAJ";59046
" ";" ";"2017"
" ";" ";" ";"Starost - SKUPAJ";58851
" ";" ";"2018"
" ";" ";" ";"Starost - SKUPAJ";58552
"Obalno-kraška"
" ";"Moški"
" ";" ";"1990"
" ";" ";" ";"Starost - SKUPAJ";49720
" ";" ";"1991"
" ";" ";" ";"Starost - SKUPAJ";49989
" ";" ";"1992"
" ";" ";" ";"Starost - SKUPAJ";50076
" ";" ";"1993"
" ";" ";" ";"Starost - SKUPAJ";49707
" ";" ";"1994"
" ";" ";" ";"Starost - SKUPAJ";49670
" ";" ";"1995"
" ";" ";" ";"Starost - SKUPAJ";49633
" ";" ";"1996"
" ";" ";" ";"Starost - SKUPAJ";50769
" ";" ";"1997"
" ";" ";" ";"Starost - SKUPAJ";50736
" ";" ";"1998"
" ";" ";" ";"Starost - SKUPAJ";50680
" ";" ";"1999"
" ";" ";" ";"Starost - SKUPAJ";50266
" ";" ";"2000"
" ";" ";" ";"Starost - SKUPAJ";50875
" ";" ";"2001"
" ";" ";" ";"Starost - SKUPAJ";51183
" ";" ";"2002"
" ";" ";" ";"Starost - SKUPAJ";51344
" ";" ";"2003"
" ";" ";" ";"Starost - SKUPAJ";51536
" ";" ";"2004"
" ";" ";" ";"Starost - SKUPAJ";51812
" ";" ";"2005"
" ";" ";" ";"Starost - SKUPAJ";51789
" ";" ";"2006"
" ";" ";" ";"Starost - SKUPAJ";52166
" ";" ";"2007"
" ";" ";" ";"Starost - SKUPAJ";52549
" ";" ";"2008"
" ";" ";" ";"Starost - SKUPAJ";53891
" ";" ";"2009"
" ";" ";" ";"Starost - SKUPAJ";54181
" ";" ";"2010"
" ";" ";" ";"Starost - SKUPAJ";55256
" ";" ";"2011"
" ";" ";" ";"Starost - SKUPAJ";55262
" ";" ";"2012"
" ";" ";" ";"Starost - SKUPAJ";55473
" ";" ";"2013"
" ";" ";" ";"Starost - SKUPAJ";55769
" ";" ";"2014"
" ";" ";" ";"Starost - SKUPAJ";55922
" ";" ";"2015"
" ";" ";" ";"Starost - SKUPAJ";55928
" ";" ";"2016"
" ";" ";" ";"Starost - SKUPAJ";55958
" ";" ";"2017"
" ";" ";" ";"Starost - SKUPAJ";56166
" ";" ";"2018"
" ";" ";" ";"Starost - SKUPAJ";56425
" ";"Ženske"
" ";" ";"1990"
" ";" ";" ";"Starost - SKUPAJ";51834
" ";" ";"1991"
" ";" ";" ";"Starost - SKUPAJ";52021
" ";" ";"1992"
" ";" ";" ";"Starost - SKUPAJ";52159
" ";" ";"1993"
" ";" ";" ";"Starost - SKUPAJ";51927
" ";" ";"1994"
" ";" ";" ";"Starost - SKUPAJ";51909
" ";" ";"1995"
" ";" ";" ";"Starost - SKUPAJ";52002
" ";" ";"1996"
" ";" ";" ";"Starost - SKUPAJ";52479
" ";" ";"1997"
" ";" ";" ";"Starost - SKUPAJ";52291
" ";" ";"1998"
" ";" ";" ";"Starost - SKUPAJ";52147
" ";" ";"1999"
" ";" ";" ";"Starost - SKUPAJ";52152
" ";" ";"2000"
" ";" ";" ";"Starost - SKUPAJ";52453
" ";" ";"2001"
" ";" ";" ";"Starost - SKUPAJ";52634
" ";" ";"2002"
" ";" ";" ";"Starost - SKUPAJ";52874
" ";" ";"2003"
" ";" ";" ";"Starost - SKUPAJ";53023
" ";" ";"2004"
" ";" ";" ";"Starost - SKUPAJ";53197
" ";" ";"2005"
" ";" ";" ";"Starost - SKUPAJ";53240
" ";" ";"2006"
" ";" ";" ";"Starost - SKUPAJ";53466
" ";" ";"2007"
" ";" ";" ";"Starost - SKUPAJ";53613
" ";" ";"2008"
" ";" ";" ";"Starost - SKUPAJ";54014
" ";" ";"2009"
" ";" ";" ";"Starost - SKUPAJ";54597
" ";" ";"2010"
" ";" ";" ";"Starost - SKUPAJ";55156
" ";" ";"2011"
" ";" ";" ";"Starost - SKUPAJ";55498
" ";" ";"2012"
" ";" ";" ";"Starost - SKUPAJ";55950
" ";" ";"2013"
" ";" ";" ";"Starost - SKUPAJ";56167
" ";" ";"2014"
" ";" ";" ";"Starost - SKUPAJ";56926
" ";" ";"2015"
" ";" ";" ";"Starost - SKUPAJ";56845
" ";" ";"2016"
" ";" ";" ";"Starost - SKUPAJ";57112
" ";" ";"2017"
" ";" ";" ";"Starost - SKUPAJ";57351
" ";" ";"2018"
" ";" ";" ";"Starost - SKUPAJ";57536

"Od objave podatkov o prebivalstvu Slovenije po 1. 1. 2008 uporabljamo "
"na Statistiènem uradu Republike Slovenije (seznam "
"HREF=http://www.stat.si/StatWeb/glavnanavigacija/podatki/prikazistaro-"
"novico?IdNovice=2319 TARGET=_blank) spremenjeno statistièno "
"definicijo prebivalstva. To pomeni prelom v èasovni vrsti podatkov, "
"zato podatki po tej definiciji, torej podatki od leta 2009 dalje, "
"niso neposredno primerljivi s podatki za predhodna leta. "
" "
"Viri: Statistièni urad Republike Slovenije, Ministrstvo za notranje "
"zadeve - Centralni register prebivalstva, Ministrstvo za notranje "
"zadeve - Direktorat za upravne notranje zadeve."

"Povezane vsebine: "
"- (seznam HREF=http://www.stat.si/StatWeb/File/DocSysFile/7808 "
"target=_blank) Metodološka pojasnila "

"Podatki so teritorialno razvršèeni po uredbi o Standardni "
"klasifikaciji teritorialnih enot ((seznam "
"HREF=../database/Meta/Klas/SKTE.htm TARGET=_blank) opis in "
"pojasnila), raven SKTE 3. "
"Opombe o spremembah posameznih regij so zapisane k vsaki spremenjeni "
"regiji in so ob izpisu tabele na zaslon dostopne s klikom na ikono za "
"opombe (zvezdica). V opombah je na zaèetku naveden datum, s katerim "
"je opisana teritorialna sprememba upoštevana pri teritorialnem "
"razvršèanju enot za statistiène namene.  "
" "

"15.01.2005: Zaradi sprememb meja naselij (Marija Reka in Knezdol) in "
"obèin (Prebold in Trbovlje) sta se posledièno spremenili meji med "
"savinjsko in zasavsko statistièno regijo. Savinjska statistièna "
"regija se je zmanjšala za 0,2 km2; za prav toliko se je poveèala "
"zasavska statistièna regija.  "
" "

"15.01.2005: Zaradi sprememb meja naselij (Marija Reka in Knezdol) in "
"obèin (Prebold in Trbovlje) sta se posledièno spremenili meji med "
"savinjsko in zasavsko statistièno regijo. Savinjska statistièna "
"regija se je zmanjšala za 0,2 km2; za prav toliko se je poveèala "
"zasavska statistièna regija.  "
" "

"30. 3. 2000 je bil po Uredbi o SKTE iz dotedanje osrednjeslovenske "
"statistiène regije izloèen njen južni del (obèine Koèevje, Kostel, "
"Loški Potok, Osilnica, Ribnica, Sodražica) in pripojen k dotedanji "
"dolenjski statistièni regiji; ta se je zato poveèala (za  985 km2 ) "
"in je dobila novo ime – jugovzhodna Slovenija "
" Uradni list št. 28/00. "

"30. 3. 2000 je bil po Uredbi o SKTE iz dotedanje osrednjeslovenske "
"statistiène regije izloèen njen južni del (obèine Koèevje, Kostel, "
"Loški Potok, Osilnica, Ribnica, Sodražica) in pripojen k dotedanji "
"dolenjski statistièni regiji; ta se je zato poveèala (za  985 km2 ) "
"in je dobila novo ime – jugovzhodna Slovenija "
" Uradni list št. 28/00. "

"Stanje na 1.1. "

"Podatke o prebivalstvu za stanje 1. 1. 2011 smo v Sloveniji "
"pripravili tudi v skladu z Uredbo (ES) št. 763/2008 Evropskega "
"parlamenta in Sveta z dne 9. julija 2008 o popisih prebivalstva in "
"stanovanj (Uradni list Evropske unije L 218/14, 13. avgust 2008)."

"Starost je èas, ki ga je oseba preživela od rojstva do trenutka "
"statistiènega opazovanja. Izražena je v dopolnjenih letih starosti."

